Unnamed: 0,STATE,ALL_VAL_YR,E_COMMODITY,E_COMMODITY_LDESC,E_COMMODITY.1,YEAR,MONTH
0,-,90558382,121120,"GINSENG ROOTS, FRESH OR DRIED, WHETHER OR NOT CUT, CRUSHED OR POWDERED",121120,2013,12
1,CA,1846909,121120,"GINSENG ROOTS, FRESH OR DRIED, WHETHER OR NOT CUT, CRUSHED OR POWDERED",121120,2013,12
2,CT,4335,121120,"GINSENG ROOTS, FRESH OR DRIED, WHETHER OR NOT CUT, CRUSHED OR POWDERED",121120,2013,12
3,FL,1437604,121120,"GINSENG ROOTS, FRESH OR DRIED, WHETHER OR NOT CUT, CRUSHED OR POWDERED",121120,2013,12
4,GA,9912,121120,"GINSENG ROOTS, FRESH OR DRIED, WHETHER OR NOT CUT, CRUSHED OR POWDERED",121120,2013,12
5,IL,2109507,121120,"GINSENG ROOTS, FRESH OR DRIED, WHETHER OR NOT CUT, CRUSHED OR POWDERED",121120,2013,12
6,KY,4292315,121120,"GINSENG ROOTS, FRESH OR DRIED, WHETHER OR NOT CUT, CRUSHED OR POWDERED",121120,2013,12
7,MD,207989,121120,"GINSENG ROOTS, FRESH OR DRIED, WHETHER OR NOT CUT, CRUSHED OR POWDERED",121120,2013,12
8,MI,46728,121120,"GINSENG ROOTS, FRESH OR DRIED, WHETHER OR NOT CUT, CRUSHED OR POWDERED",121120,2013,12
9,MO,3492236,121120,"GINSENG ROOTS, FRESH OR DRIED, WHETHER OR NOT CUT, CRUSHED OR POWDERED",121120,2013,12
10,NC,1248645,121120,"GINSENG ROOTS, FRESH OR DRIED, WHETHER OR NOT CUT, CRUSHED OR POWDERED",121120,2013,12
11,NJ,62275,121120,"GINSENG ROOTS, FRESH OR DRIED, WHETHER OR NOT CUT, CRUSHED OR POWDERED",121120,2013,12
12,NY,22299894,121120,"GINSENG ROOTS, FRESH OR DRIED, WHETHER OR NOT CUT, CRUSHED OR POWDERED",121120,2013,12
13,OH,5169749,121120,"GINSENG ROOTS, FRESH OR DRIED, WHETHER OR NOT CUT, CRUSHED OR POWDERED",121120,2013,12
14,OR,2687,121120,"GINSENG ROOTS, FRESH OR DRIED, WHETHER OR NOT CUT, CRUSHED OR POWDERED",121120,2013,12
15,PA,9613246,121120,"GINSENG ROOTS, FRESH OR DRIED, WHETHER OR NOT CUT, CRUSHED OR POWDERED",121120,2013,12
16,SC,3035,121120,"GINSENG ROOTS, FRESH OR DRIED, WHETHER OR NOT CUT, CRUSHED OR POWDERED",121120,2013,12
17,UT,4769,121120,"GINSENG ROOTS, FRESH OR DRIED, WHETHER OR NOT CUT, CRUSHED OR POWDERED",121120,2013,12
18,VT,445591,121120,"GINSENG ROOTS, FRESH OR DRIED, WHETHER OR NOT CUT, CRUSHED OR POWDERED",121120,2013,12
19,WA,3400,121120,"GINSENG ROOTS, FRESH OR DRIED, WHETHER OR NOT CUT, CRUSHED OR POWDERED",121120,2013,12
20,WI,38174097,121120,"GINSENG ROOTS, FRESH OR DRIED, WHETHER OR NOT CUT, CRUSHED OR POWDERED",121120,2013,12
21,XX,83459,121120,"GINSENG ROOTS, FRESH OR DRIED, WHETHER OR NOT CUT, CRUSHED OR POWDERED",121120,2013,12
0,-,43377291,121120,"GINSENG ROOTS, FRESH OR DRIED, WHETHER OR NOT CUT, CRUSHED OR POWDERED",121120,2016,12
1,CA,1267465,121120,"GINSENG ROOTS, FRESH OR DRIED, WHETHER OR NOT CUT, CRUSHED OR POWDERED",121120,2016,12
2,CT,240858,121120,"GINSENG ROOTS, FRESH OR DRIED, WHETHER OR NOT CUT, CRUSHED OR POWDERED",121120,2016,12
3,FL,798659,121120,"GINSENG ROOTS, FRESH OR DRIED, WHETHER OR NOT CUT, CRUSHED OR POWDERED",121120,2016,12
4,GA,20134,121120,"GINSENG ROOTS, FRESH OR DRIED, WHETHER OR NOT CUT, CRUSHED OR POWDERED",121120,2016,12
5,IL,1910490,121120,"GINSENG ROOTS, FRESH OR DRIED, WHETHER OR NOT CUT, CRUSHED OR POWDERED",121120,2016,12
6,KY,1029387,121120,"GINSENG ROOTS, FRESH OR DRIED, WHETHER OR NOT CUT, CRUSHED OR POWDERED",121120,2016,12
7,MI,63000,121120,"GINSENG ROOTS, FRESH OR DRIED, WHETHER OR NOT CUT, CRUSHED OR POWDERED",121120,2016,12
8,MO,963582,121120,"GINSENG ROOTS, FRESH OR DRIED, WHETHER OR NOT CUT, CRUSHED OR POWDERED",121120,2016,12
9,NJ,233919,121120,"GINSENG ROOTS, FRESH OR DRIED, WHETHER OR NOT CUT, CRUSHED OR POWDERED",121120,2016,12
10,NY,8382933,121120,"GINSENG ROOTS, FRESH OR DRIED, WHETHER OR NOT CUT, CRUSHED OR POWDERED",121120,2016,12
11,OH,1447695,121120,"GINSENG ROOTS, FRESH OR DRIED, WHETHER OR NOT CUT, CRUSHED OR POWDERED",121120,2016,12
12,PA,1670516,121120,"GINSENG ROOTS, FRESH OR DRIED, WHETHER OR NOT CUT, CRUSHED OR POWDERED",121120,2016,12
13,UT,25753,121120,"GINSENG ROOTS, FRESH OR DRIED, WHETHER OR NOT CUT, CRUSHED OR POWDERED",121120,2016,12
14,VT,807530,121120,"GINSENG ROOTS, FRESH OR DRIED, WHETHER OR NOT CUT, CRUSHED OR POWDERED",121120,2016,12
15,WA,144852,121120,"GINSENG ROOTS, FRESH OR DRIED, WHETHER OR NOT CUT, CRUSHED OR POWDERED",121120,2016,12
16,WI,24314697,121120,"GINSENG ROOTS, FRESH OR DRIED, WHETHER OR NOT CUT, CRUSHED OR POWDERED",121120,2016,12
17,XX,55821,121120,"GINSENG ROOTS, FRESH OR DRIED, WHETHER OR NOT CUT, CRUSHED OR POWDERED",121120,2016,12
0,-,55350735,121120,"GINSENG ROOTS, FRESH OR DRIED, WHETHER OR NOT CUT, CRUSHED OR POWDERED",121120,2017,12
1,CA,1870313,121120,"GINSENG ROOTS, FRESH OR DRIED, WHETHER OR NOT CUT, CRUSHED OR POWDERED",121120,2017,12
2,CT,18691,121120,"GINSENG ROOTS, FRESH OR DRIED, WHETHER OR NOT CUT, CRUSHED OR POWDERED",121120,2017,12
3,FL,774409,121120,"GINSENG ROOTS, FRESH OR DRIED, WHETHER OR NOT CUT, CRUSHED OR POWDERED",121120,2017,12
4,GA,349125,121120,"GINSENG ROOTS, FRESH OR DRIED, WHETHER OR NOT CUT, CRUSHED OR POWDERED",121120,2017,12
5,IA,7425,121120,"GINSENG ROOTS, FRESH OR DRIED, WHETHER OR NOT CUT, CRUSHED OR POWDERED",121120,2017,12
6,ID,3979,121120,"GINSENG ROOTS, FRESH OR DRIED, WHETHER OR NOT CUT, CRUSHED OR POWDERED",121120,2017,12
7,IL,285475,121120,"GINSENG ROOTS, FRESH OR DRIED, WHETHER OR NOT CUT, CRUSHED OR POWDERED",121120,2017,12
8,KY,1458888,121120,"GINSENG ROOTS, FRESH OR DRIED, WHETHER OR NOT CUT, CRUSHED OR POWDERED",121120,2017,12
9,MI,87937,121120,"GINSENG ROOTS, FRESH OR DRIED, WHETHER OR NOT CUT, CRUSHED OR POWDERED",121120,2017,12
10,MO,626959,121120,"GINSENG ROOTS, FRESH OR DRIED, WHETHER OR NOT CUT, CRUSHED OR POWDERED",121120,2017,12
11,NC,35907,121120,"GINSENG ROOTS, FRESH OR DRIED, WHETHER OR NOT CUT, CRUSHED OR POWDERED",121120,2017,12
12,NJ,326728,121120,"GINSENG ROOTS, FRESH OR DRIED, WHETHER OR NOT CUT, CRUSHED OR POWDERED",121120,2017,12
13,NY,12543978,121120,"GINSENG ROOTS, FRESH OR DRIED, WHETHER OR NOT CUT, CRUSHED OR POWDERED",121120,2017,12
14,OH,2560312,121120,"GINSENG ROOTS, FRESH OR DRIED, WHETHER OR NOT CUT, CRUSHED OR POWDERED",121120,2017,12
15,OR,299811,121120,"GINSENG ROOTS, FRESH OR DRIED, WHETHER OR NOT CUT, CRUSHED OR POWDERED",121120,2017,12
16,PA,1744732,121120,"GINSENG ROOTS, FRESH OR DRIED, WHETHER OR NOT CUT, CRUSHED OR POWDERED",121120,2017,12
17,TN,389701,121120,"GINSENG ROOTS, FRESH OR DRIED, WHETHER OR NOT CUT, CRUSHED OR POWDERED",121120,2017,12
18,TX,11601,121120,"GINSENG ROOTS, FRESH OR DRIED, WHETHER OR NOT CUT, CRUSHED OR POWDERED",121120,2017,12
19,UT,46733,121120,"GINSENG ROOTS, FRESH OR DRIED, WHETHER OR NOT CUT, CRUSHED OR POWDERED",121120,2017,12
20,VA,150165,121120,"GINSENG ROOTS, FRESH OR DRIED, WHETHER OR NOT CUT, CRUSHED OR POWDERED",121120,2017,12
21,VT,621684,121120,"GINSENG ROOTS, FRESH OR DRIED, WHETHER OR NOT CUT, CRUSHED OR POWDERED",121120,2017,12
22,WA,680034,121120,"GINSENG ROOTS, FRESH OR DRIED, WHETHER OR NOT CUT, CRUSHED OR POWDERED",121120,2017,12
23,WI,30402149,121120,"GINSENG ROOTS, FRESH OR DRIED, WHETHER OR NOT CUT, CRUSHED OR POWDERED",121120,2017,12
24,XX,53999,121120,"GINSENG ROOTS, FRESH OR DRIED, WHETHER OR NOT CUT, CRUSHED OR POWDERED",121120,2017,12
0,-,55949624,121120,"GINSENG ROOTS, FRESH OR DRIED, WHETHER OR NOT CUT, CRUSHED OR POWDERED",121120,2015,12
1,AZ,3437,121120,"GINSENG ROOTS, FRESH OR DRIED, WHETHER OR NOT CUT, CRUSHED OR POWDERED",121120,2015,12
2,CA,1538235,121120,"GINSENG ROOTS, FRESH OR DRIED, WHETHER OR NOT CUT, CRUSHED OR POWDERED",121120,2015,12
3,CT,186443,121120,"GINSENG ROOTS, FRESH OR DRIED, WHETHER OR NOT CUT, CRUSHED OR POWDERED",121120,2015,12
4,FL,1090797,121120,"GINSENG ROOTS, FRESH OR DRIED, WHETHER OR NOT CUT, CRUSHED OR POWDERED",121120,2015,12
5,GA,32062,121120,"GINSENG ROOTS, FRESH OR DRIED, WHETHER OR NOT CUT, CRUSHED OR POWDERED",121120,2015,12
6,IL,217675,121120,"GINSENG ROOTS, FRESH OR DRIED, WHETHER OR NOT CUT, CRUSHED OR POWDERED",121120,2015,12
7,IN,87162,121120,"GINSENG ROOTS, FRESH OR DRIED, WHETHER OR NOT CUT, CRUSHED OR POWDERED",121120,2015,12
8,KS,2945,121120,"GINSENG ROOTS, FRESH OR DRIED, WHETHER OR NOT CUT, CRUSHED OR POWDERED",121120,2015,12
9,KY,3770357,121120,"GINSENG ROOTS, FRESH OR DRIED, WHETHER OR NOT CUT, CRUSHED OR POWDERED",121120,2015,12
10,MI,79673,121120,"GINSENG ROOTS, FRESH OR DRIED, WHETHER OR NOT CUT, CRUSHED OR POWDERED",121120,2015,12
11,MN,225304,121120,"GINSENG ROOTS, FRESH OR DRIED, WHETHER OR NOT CUT, CRUSHED OR POWDERED",121120,2015,12
12,MO,1121743,121120,"GINSENG ROOTS, FRESH OR DRIED, WHETHER OR NOT CUT, CRUSHED OR POWDERED",121120,2015,12
13,NC,691761,121120,"GINSENG ROOTS, FRESH OR DRIED, WHETHER OR NOT CUT, CRUSHED OR POWDERED",121120,2015,12
14,NJ,61058,121120,"GINSENG ROOTS, FRESH OR DRIED, WHETHER OR NOT CUT, CRUSHED OR POWDERED",121120,2015,12
15,NV,15490,121120,"GINSENG ROOTS, FRESH OR DRIED, WHETHER OR NOT CUT, CRUSHED OR POWDERED",121120,2015,12
16,NY,17054919,121120,"GINSENG ROOTS, FRESH OR DRIED, WHETHER OR NOT CUT, CRUSHED OR POWDERED",121120,2015,12
17,OH,2653672,121120,"GINSENG ROOTS, FRESH OR DRIED, WHETHER OR NOT CUT, CRUSHED OR POWDERED",121120,2015,12
18,PA,642667,121120,"GINSENG ROOTS, FRESH OR DRIED, WHETHER OR NOT CUT, CRUSHED OR POWDERED",121120,2015,12
19,TN,94687,121120,"GINSENG ROOTS, FRESH OR DRIED, WHETHER OR NOT CUT, CRUSHED OR POWDERED",121120,2015,12
20,UT,4744,121120,"GINSENG ROOTS, FRESH OR DRIED, WHETHER OR NOT CUT, CRUSHED OR POWDERED",121120,2015,12
21,VT,836617,121120,"GINSENG ROOTS, FRESH OR DRIED, WHETHER OR NOT CUT, CRUSHED OR POWDERED",121120,2015,12
22,WA,806838,121120,"GINSENG ROOTS, FRESH OR DRIED, WHETHER OR NOT CUT, CRUSHED OR POWDERED",121120,2015,12
23,WI,24629352,121120,"GINSENG ROOTS, FRESH OR DRIED, WHETHER OR NOT CUT, CRUSHED OR POWDERED",121120,2015,12
24,XX,101986,121120,"GINSENG ROOTS, FRESH OR DRIED, WHETHER OR NOT CUT, CRUSHED OR POWDERED",121120,2015,12
0,-,77301151,121120,"GINSENG ROOTS, FRESH OR DRIED, WHETHER OR NOT CUT, CRUSHED OR POWDERED",121120,2014,12
1,CA,1475234,121120,"GINSENG ROOTS, FRESH OR DRIED, WHETHER OR NOT CUT, CRUSHED OR POWDERED",121120,2014,12
2,FL,2282548,121120,"GINSENG ROOTS, FRESH OR DRIED, WHETHER OR NOT CUT, CRUSHED OR POWDERED",121120,2014,12
3,IL,11007,121120,"GINSENG ROOTS, FRESH OR DRIED, WHETHER OR NOT CUT, CRUSHED OR POWDERED",121120,2014,12
4,KY,5449882,121120,"GINSENG ROOTS, FRESH OR DRIED, WHETHER OR NOT CUT, CRUSHED OR POWDERED",121120,2014,12
5,MA,47889,121120,"GINSENG ROOTS, FRESH OR DRIED, WHETHER OR NOT CUT, CRUSHED OR POWDERED",121120,2014,12
6,MI,128800,121120,"GINSENG ROOTS, FRESH OR DRIED, WHETHER OR NOT CUT, CRUSHED OR POWDERED",121120,2014,12
7,MN,111156,121120,"GINSENG ROOTS, FRESH OR DRIED, WHETHER OR NOT CUT, CRUSHED OR POWDERED",121120,2014,12
8,MO,2332083,121120,"GINSENG ROOTS, FRESH OR DRIED, WHETHER OR NOT CUT, CRUSHED OR POWDERED",121120,2014,12
9,NC,873767,121120,"GINSENG ROOTS, FRESH OR DRIED, WHETHER OR NOT CUT, CRUSHED OR POWDERED",121120,2014,12
10,NJ,531705,121120,"GINSENG ROOTS, FRESH OR DRIED, WHETHER OR NOT CUT, CRUSHED OR POWDERED",121120,2014,12
11,PA,6331497,121120,"GINSENG ROOTS, FRESH OR DRIED, WHETHER OR NOT CUT, CRUSHED OR POWDERED",121120,2014,12
12,NV,5124,121120,"GINSENG ROOTS, FRESH OR DRIED, WHETHER OR NOT CUT, CRUSHED OR POWDERED",121120,2014,12
13,NY,19391049,121120,"GINSENG ROOTS, FRESH OR DRIED, WHETHER OR NOT CUT, CRUSHED OR POWDERED",121120,2014,12
14,OH,7852392,121120,"GINSENG ROOTS, FRESH OR DRIED, WHETHER OR NOT CUT, CRUSHED OR POWDERED",121120,2014,12
15,TN,1102330,121120,"GINSENG ROOTS, FRESH OR DRIED, WHETHER OR NOT CUT, CRUSHED OR POWDERED",121120,2014,12
16,UT,23331,121120,"GINSENG ROOTS, FRESH OR DRIED, WHETHER OR NOT CUT, CRUSHED OR POWDERED",121120,2014,12
17,VT,1048751,121120,"GINSENG ROOTS, FRESH OR DRIED, WHETHER OR NOT CUT, CRUSHED OR POWDERED",121120,2014,12
18,WI,28234971,121120,"GINSENG ROOTS, FRESH OR DRIED, WHETHER OR NOT CUT, CRUSHED OR POWDERED",121120,2014,12
19,XX,67635,121120,"GINSENG ROOTS, FRESH OR DRIED, WHETHER OR NOT CUT, CRUSHED OR POWDERED",121120,2014,12
0,-,45023144,121120,"GINSENG ROOTS, FRESH OR DRIED, WHETHER OR NOT CUT, CRUSHED OR POWDERED",121120,2019,12
1,CA,1160771,121120,"GINSENG ROOTS, FRESH OR DRIED, WHETHER OR NOT CUT, CRUSHED OR POWDERED",121120,2019,12
2,CT,13140,121120,"GINSENG ROOTS, FRESH OR DRIED, WHETHER OR NOT CUT, CRUSHED OR POWDERED",121120,2019,12
3,FL,529723,121120,"GINSENG ROOTS, FRESH OR DRIED, WHETHER OR NOT CUT, CRUSHED OR POWDERED",121120,2019,12
4,IL,130198,121120,"GINSENG ROOTS, FRESH OR DRIED, WHETHER OR NOT CUT, CRUSHED OR POWDERED",121120,2019,12
5,IN,648245,121120,"GINSENG ROOTS, FRESH OR DRIED, WHETHER OR NOT CUT, CRUSHED OR POWDERED",121120,2019,12
6,KY,5996022,121120,"GINSENG ROOTS, FRESH OR DRIED, WHETHER OR NOT CUT, CRUSHED OR POWDERED",121120,2019,12
7,MI,109000,121120,"GINSENG ROOTS, FRESH OR DRIED, WHETHER OR NOT CUT, CRUSHED OR POWDERED",121120,2019,12
8,NC,415560,121120,"GINSENG ROOTS, FRESH OR DRIED, WHETHER OR NOT CUT, CRUSHED OR POWDERED",121120,2019,12
9,NJ,1183199,121120,"GINSENG ROOTS, FRESH OR DRIED, WHETHER OR NOT CUT, CRUSHED OR POWDERED",121120,2019,12
10,NY,3443553,121120,"GINSENG ROOTS, FRESH OR DRIED, WHETHER OR NOT CUT, CRUSHED OR POWDERED",121120,2019,12
11,OH,1675327,121120,"GINSENG ROOTS, FRESH OR DRIED, WHETHER OR NOT CUT, CRUSHED OR POWDERED",121120,2019,12
12,PA,4519559,121120,"GINSENG ROOTS, FRESH OR DRIED, WHETHER OR NOT CUT, CRUSHED OR POWDERED",121120,2019,12
13,TN,401545,121120,"GINSENG ROOTS, FRESH OR DRIED, WHETHER OR NOT CUT, CRUSHED OR POWDERED",121120,2019,12
14,UT,52283,121120,"GINSENG ROOTS, FRESH OR DRIED, WHETHER OR NOT CUT, CRUSHED OR POWDERED",121120,2019,12
15,VT,1295570,121120,"GINSENG ROOTS, FRESH OR DRIED, WHETHER OR NOT CUT, CRUSHED OR POWDERED",121120,2019,12
16,WA,303363,121120,"GINSENG ROOTS, FRESH OR DRIED, WHETHER OR NOT CUT, CRUSHED OR POWDERED",121120,2019,12
17,WI,21879291,121120,"GINSENG ROOTS, FRESH OR DRIED, WHETHER OR NOT CUT, CRUSHED OR POWDERED",121120,2019,12
18,WV,1182237,121120,"GINSENG ROOTS, FRESH OR DRIED, WHETHER OR NOT CUT, CRUSHED OR POWDERED",121120,2019,12
19,XX,84558,121120,"GINSENG ROOTS, FRESH OR DRIED, WHETHER OR NOT CUT, CRUSHED OR POWDERED",121120,2019,12
0,-,50544406,121120,"GINSENG ROOTS, FRESH OR DRIED, WHETHER OR NOT CUT, CRUSHED OR POWDERED",121120,2018,12
1,CA,1824960,121120,"GINSENG ROOTS, FRESH OR DRIED, WHETHER OR NOT CUT, CRUSHED OR POWDERED",121120,2018,12
2,CT,20663,121120,"GINSENG ROOTS, FRESH OR DRIED, WHETHER OR NOT CUT, CRUSHED OR POWDERED",121120,2018,12
3,FL,1319407,121120,"GINSENG ROOTS, FRESH OR DRIED, WHETHER OR NOT CUT, CRUSHED OR POWDERED",121120,2018,12
4,IL,86789,121120,"GINSENG ROOTS, FRESH OR DRIED, WHETHER OR NOT CUT, CRUSHED OR POWDERED",121120,2018,12
5,KY,3543966,121120,"GINSENG ROOTS, FRESH OR DRIED, WHETHER OR NOT CUT, CRUSHED OR POWDERED",121120,2018,12
6,MI,75300,121120,"GINSENG ROOTS, FRESH OR DRIED, WHETHER OR NOT CUT, CRUSHED OR POWDERED",121120,2018,12
7,MO,146250,121120,"GINSENG ROOTS, FRESH OR DRIED, WHETHER OR NOT CUT, CRUSHED OR POWDERED",121120,2018,12
8,NC,792277,121120,"GINSENG ROOTS, FRESH OR DRIED, WHETHER OR NOT CUT, CRUSHED OR POWDERED",121120,2018,12
9,NJ,277960,121120,"GINSENG ROOTS, FRESH OR DRIED, WHETHER OR NOT CUT, CRUSHED OR POWDERED",121120,2018,12
10,NY,9329208,121120,"GINSENG ROOTS, FRESH OR DRIED, WHETHER OR NOT CUT, CRUSHED OR POWDERED",121120,2018,12
11,OH,1353025,121120,"GINSENG ROOTS, FRESH OR DRIED, WHETHER OR NOT CUT, CRUSHED OR POWDERED",121120,2018,12
12,OR,25440,121120,"GINSENG ROOTS, FRESH OR DRIED, WHETHER OR NOT CUT, CRUSHED OR POWDERED",121120,2018,12
13,PA,3082786,121120,"GINSENG ROOTS, FRESH OR DRIED, WHETHER OR NOT CUT, CRUSHED OR POWDERED",121120,2018,12
14,TN,1624258,121120,"GINSENG ROOTS, FRESH OR DRIED, WHETHER OR NOT CUT, CRUSHED OR POWDERED",121120,2018,12
15,TX,16762,121120,"GINSENG ROOTS, FRESH OR DRIED, WHETHER OR NOT CUT, CRUSHED OR POWDERED",121120,2018,12
16,UT,50573,121120,"GINSENG ROOTS, FRESH OR DRIED, WHETHER OR NOT CUT, CRUSHED OR POWDERED",121120,2018,12
17,VT,42000,121120,"GINSENG ROOTS, FRESH OR DRIED, WHETHER OR NOT CUT, CRUSHED OR POWDERED",121120,2018,12
18,WA,696865,121120,"GINSENG ROOTS, FRESH OR DRIED, WHETHER OR NOT CUT, CRUSHED OR POWDERED",121120,2018,12
19,WI,25569554,121120,"GINSENG ROOTS, FRESH OR DRIED, WHETHER OR NOT CUT, CRUSHED OR POWDERED",121120,2018,12
20,WV,607198,121120,"GINSENG ROOTS, FRESH OR DRIED, WHETHER OR NOT CUT, CRUSHED OR POWDERED",121120,2018,12
21,XX,59165,121120,"GINSENG ROOTS, FRESH OR DRIED, WHETHER OR NOT CUT, CRUSHED OR POWDERED",121120,2018,12
0,-,39993089,121120,"GINSENG ROOTS, FRESH OR DRIED, WHETHER OR NOT CUT, CRUSHED OR POWDERED",121120,2020,12
1,CA,531680,121120,"GINSENG ROOTS, FRESH OR DRIED, WHETHER OR NOT CUT, CRUSHED OR POWDERED",121120,2020,12
2,CO,7156,121120,"GINSENG ROOTS, FRESH OR DRIED, WHETHER OR NOT CUT, CRUSHED OR POWDERED",121120,2020,12
3,CT,26783,121120,"GINSENG ROOTS, FRESH OR DRIED, WHETHER OR NOT CUT, CRUSHED OR POWDERED",121120,2020,12
4,FL,716098,121120,"GINSENG ROOTS, FRESH OR DRIED, WHETHER OR NOT CUT, CRUSHED OR POWDERED",121120,2020,12
5,ID,3350,121120,"GINSENG ROOTS, FRESH OR DRIED, WHETHER OR NOT CUT, CRUSHED OR POWDERED",121120,2020,12
6,IL,16159,121120,"GINSENG ROOTS, FRESH OR DRIED, WHETHER OR NOT CUT, CRUSHED OR POWDERED",121120,2020,12
7,KY,6867018,121120,"GINSENG ROOTS, FRESH OR DRIED, WHETHER OR NOT CUT, CRUSHED OR POWDERED",121120,2020,12
8,MI,74125,121120,"GINSENG ROOTS, FRESH OR DRIED, WHETHER OR NOT CUT, CRUSHED OR POWDERED",121120,2020,12
9,MO,3444,121120,"GINSENG ROOTS, FRESH OR DRIED, WHETHER OR NOT CUT, CRUSHED OR POWDERED",121120,2020,12
10,MT,7165,121120,"GINSENG ROOTS, FRESH OR DRIED, WHETHER OR NOT CUT, CRUSHED OR POWDERED",121120,2020,12
11,NC,698107,121120,"GINSENG ROOTS, FRESH OR DRIED, WHETHER OR NOT CUT, CRUSHED OR POWDERED",121120,2020,12
12,NJ,157733,121120,"GINSENG ROOTS, FRESH OR DRIED, WHETHER OR NOT CUT, CRUSHED OR POWDERED",121120,2020,12
13,NY,5142756,121120,"GINSENG ROOTS, FRESH OR DRIED, WHETHER OR NOT CUT, CRUSHED OR POWDERED",121120,2020,12
14,OH,567300,121120,"GINSENG ROOTS, FRESH OR DRIED, WHETHER OR NOT CUT, CRUSHED OR POWDERED",121120,2020,12
15,PA,421580,121120,"GINSENG ROOTS, FRESH OR DRIED, WHETHER OR NOT CUT, CRUSHED OR POWDERED",121120,2020,12
16,VT,604607,121120,"GINSENG ROOTS, FRESH OR DRIED, WHETHER OR NOT CUT, CRUSHED OR POWDERED",121120,2020,12
17,TN,1752848,121120,"GINSENG ROOTS, FRESH OR DRIED, WHETHER OR NOT CUT, CRUSHED OR POWDERED",121120,2020,12
18,TX,8161,121120,"GINSENG ROOTS, FRESH OR DRIED, WHETHER OR NOT CUT, CRUSHED OR POWDERED",121120,2020,12
19,VA,2150586,121120,"GINSENG ROOTS, FRESH OR DRIED, WHETHER OR NOT CUT, CRUSHED OR POWDERED",121120,2020,12
20,WA,910103,121120,"GINSENG ROOTS, FRESH OR DRIED, WHETHER OR NOT CUT, CRUSHED OR POWDERED",121120,2020,12
21,WI,19263292,121120,"GINSENG ROOTS, FRESH OR DRIED, WHETHER OR NOT CUT, CRUSHED OR POWDERED",121120,2020,12
22,XX,63038,121120,"GINSENG ROOTS, FRESH OR DRIED, WHETHER OR NOT CUT, CRUSHED OR POWDERED",121120,2020,12
0,-,46281686,121120,"GINSENG ROOTS, FRESH OR DRIED, WHETHER OR NOT CUT, CRUSHED OR POWDERED",121120,2021,12
1,CA,409279,121120,"GINSENG ROOTS, FRESH OR DRIED, WHETHER OR NOT CUT, CRUSHED OR POWDERED",121120,2021,12
2,CO,14221,121120,"GINSENG ROOTS, FRESH OR DRIED, WHETHER OR NOT CUT, CRUSHED OR POWDERED",121120,2021,12
3,CT,40859,121120,"GINSENG ROOTS, FRESH OR DRIED, WHETHER OR NOT CUT, CRUSHED OR POWDERED",121120,2021,12
4,FL,37676,121120,"GINSENG ROOTS, FRESH OR DRIED, WHETHER OR NOT CUT, CRUSHED OR POWDERED",121120,2021,12
5,IL,238712,121120,"GINSENG ROOTS, FRESH OR DRIED, WHETHER OR NOT CUT, CRUSHED OR POWDERED",121120,2021,12
6,KY,6294360,121120,"GINSENG ROOTS, FRESH OR DRIED, WHETHER OR NOT CUT, CRUSHED OR POWDERED",121120,2021,12
7,MA,4135,121120,"GINSENG ROOTS, FRESH OR DRIED, WHETHER OR NOT CUT, CRUSHED OR POWDERED",121120,2021,12
8,MI,55713,121120,"GINSENG ROOTS, FRESH OR DRIED, WHETHER OR NOT CUT, CRUSHED OR POWDERED",121120,2021,12
9,MO,14432,121120,"GINSENG ROOTS, FRESH OR DRIED, WHETHER OR NOT CUT, CRUSHED OR POWDERED",121120,2021,12
10,MT,2635,121120,"GINSENG ROOTS, FRESH OR DRIED, WHETHER OR NOT CUT, CRUSHED OR POWDERED",121120,2021,12
11,NC,59859,121120,"GINSENG ROOTS, FRESH OR DRIED, WHETHER OR NOT CUT, CRUSHED OR POWDERED",121120,2021,12
12,NJ,132125,121120,"GINSENG ROOTS, FRESH OR DRIED, WHETHER OR NOT CUT, CRUSHED OR POWDERED",121120,2021,12
13,NV,2995,121120,"GINSENG ROOTS, FRESH OR DRIED, WHETHER OR NOT CUT, CRUSHED OR POWDERED",121120,2021,12
14,NY,2754945,121120,"GINSENG ROOTS, FRESH OR DRIED, WHETHER OR NOT CUT, CRUSHED OR POWDERED",121120,2021,12
15,OH,2314070,121120,"GINSENG ROOTS, FRESH OR DRIED, WHETHER OR NOT CUT, CRUSHED OR POWDERED",121120,2021,12
16,OR,35969,121120,"GINSENG ROOTS, FRESH OR DRIED, WHETHER OR NOT CUT, CRUSHED OR POWDERED",121120,2021,12
17,PA,4533423,121120,"GINSENG ROOTS, FRESH OR DRIED, WHETHER OR NOT CUT, CRUSHED OR POWDERED",121120,2021,12
18,SC,2900,121120,"GINSENG ROOTS, FRESH OR DRIED, WHETHER OR NOT CUT, CRUSHED OR POWDERED",121120,2021,12
19,TN,2862246,121120,"GINSENG ROOTS, FRESH OR DRIED, WHETHER OR NOT CUT, CRUSHED OR POWDERED",121120,2021,12
20,TX,5669,121120,"GINSENG ROOTS, FRESH OR DRIED, WHETHER OR NOT CUT, CRUSHED OR POWDERED",121120,2021,12
21,VT,642960,121120,"GINSENG ROOTS, FRESH OR DRIED, WHETHER OR NOT CUT, CRUSHED OR POWDERED",121120,2021,12
22,WA,631230,121120,"GINSENG ROOTS, FRESH OR DRIED, WHETHER OR NOT CUT, CRUSHED OR POWDERED",121120,2021,12
23,WI,25127228,121120,"GINSENG ROOTS, FRESH OR DRIED, WHETHER OR NOT CUT, CRUSHED OR POWDERED",121120,2021,12
24,XX,64045,121120,"GINSENG ROOTS, FRESH OR DRIED, WHETHER OR NOT CUT, CRUSHED OR POWDERED",121120,2021,12
